<Page class="page"
    navigatingTo="onNavigatingTo"  
    xmlns="http://schemas.nativescript.org/tns.xsd"
    xmlns:nsDrawer="nativescript-ui-sidedrawer">

    <ActionBar class="action-bar">
        <Label class="action-bar-title" text="About" />
    </ActionBar>

    <nsDrawer:RadSideDrawer id="sideDrawer">
        <nsDrawer:RadSideDrawer.drawerContent>
            <StackLayout backgroundColor="gray">
                <StackLayout height="56" style="text-align: center; vertical-align: center;">
                    <Label text="Navigation Menu"/>
                </StackLayout>
                <ScrollView>
                    <StackLayout>
                        <Button text="Home" tap="gotoHome"
                            padding="10"
                            backgroundColor="lightgray"/> 
                        <Button text="Preferences" tap="gotoPrefs"
                            padding="10"
                            backgroundColor="lightgray"/>   
                    </StackLayout>
                </ScrollView>
            </StackLayout>
        </nsDrawer:RadSideDrawer.drawerContent>
        <nsDrawer:RadSideDrawer.mainContent>
            <GridLayout rows="auto,*" columns="auto,*">
        <Label class="my-label" text="Welcome to the About page! by Aaron Baker
        this  program is in fulfillment of CMSC 4233 (or 5233) Spring 2019 Assignment 2"
            row="0" colSpan="2"/>
        
            </GridLayout>
        </nsDrawer:RadSideDrawer.mainContent>
    </nsDrawer:RadSideDrawer>
</Page>
