<Page class="page"
    navigatingTo="onNavigatingTo"  
    xmlns="http://schemas.nativescript.org/tns.xsd"
    xmlns:nsDrawer="nativescript-ui-sidedrawer">

    <ActionBar class="action-bar">
        <Label class="action-bar-title" text="Home"></Label>
    </ActionBar>

    <nsDrawer:RadSideDrawer id="sideDrawer">
        <nsDrawer:RadSideDrawer.drawerContent>
            <StackLayout backgroundColor="gray">
                <StackLayout height="56" style="text-align: center; vertical-align: center;">
                    <Label text="Navigation Menu"/>
                </StackLayout>
                <ScrollView>
                    <StackLayout>
                        <Button text="Preferences" tap="gotoPrefs"
                            padding="10"
                            backgroundColor="lightgray"/> 
                        <Button text="About" tap="gotoAbout"
                            padding="10"
                            backgroundColor="lightgray"/> 
                    </StackLayout>
                </ScrollView>
            </StackLayout>
        </nsDrawer:RadSideDrawer.drawerContent>
        <nsDrawer:RadSideDrawer.mainContent>
            <GridLayout rows="auto,auto,auto,auto,auto,*" columns="auto,auto,auto,*">
        <Label class="my-label" text="Welcome to the Home page!"
            row="0" colSpan="4"/>
        <Button text="Tap Me" tap="onTap"
            row="1" col="0" />
        <Label class="my-label" text="You've tapped "
            row="1" col="1" />
        <Label id="label" class="my-label"
         text="{{counter}}"
         row="1" col="2" />
        <Label class="my-label" text=" times"
         row="1" col="3" />
        <Label class="my-heading" text="Pages"
            row="2" col="1" colSpan="2"/>
        <Button text="About" tap="gotoAbout"
            row="3" colSpan="4"/>
        <Button text="Prefrences" tap="gotoPrefs"
            row="4" colSpan="4"/>
            </GridLayout>
        </nsDrawer:RadSideDrawer.mainContent>
    </nsDrawer:RadSideDrawer>
</Page>
