<Page class="page"
    navigatingTo="onNavigatingTo"  
    xmlns="http://schemas.nativescript.org/tns.xsd"
    xmlns:nsDrawer="nativescript-ui-sidedrawer">

    <ActionBar class="action-bar">
        <Label class="action-bar-title" text="Preferences" />
    </ActionBar>

    <nsDrawer:RadSideDrawer id="sideDrawer">
        <nsDrawer:RadSideDrawer.drawerContent>
            <StackLayout backgroundColor="gray">
                <StackLayout height="56" style="text-align: center; vertical-align: center;">
                    <Label text="Navigation Menu"/>
                </StackLayout>
                <ScrollView>
                    <StackLayout>
                        <Button text="Home" tap="gotoHome"
                            padding="10"
                            backgroundColor="lightgray"/> 
                        <Button text="About" tap="gotoAbout"
                            padding="10"
                            backgroundColor="lightgray"/> 
                    </StackLayout>
                </ScrollView>
            </StackLayout>
        </nsDrawer:RadSideDrawer.drawerContent>
        <nsDrawer:RadSideDrawer.mainContent>
            <GridLayout rows="auto,*" columns="auto,*">
        <Label class="my-label" text="Welcome to the Prefrences page! Lots of stuff broke 10 minutes before this was due so I couldn't complete the settings."
            row="0" colSpan="2"/>
        
            </GridLayout>
        </nsDrawer:RadSideDrawer.mainContent>
    </nsDrawer:RadSideDrawer>
</Page>